Giulian_day; rain_mm; Tmax; Tmin; et0; kcb; lai; pday; irrig_mm; eff_rain_mm; GrossAv_water_mm; NetAv_water_mm; interception_mm; runoff_mm; infiltration_mm; eva_pot_mm; eva_mm; trasp_pot1_mm; trasp_act1_mm; perc1_mm; theta1_mm; ponding_mm; rise_mm; trasp_pot2_mm; trasp_act2_mm; ks; thickness_II_m; wat_table_depth_under_root_m; capflux_mm; perc2_mm; theta2_mm; theta_old_mm; rawbig; rawinf; wat_table_depth_m; distr_irr_mm; priv_well_irr_mm; espperc1; espperc2; irr_loss_mm
           1 ;   0.0000000000000000      ;   8.3200000000000003      ;   1.6499999999999999      ;   0.0000000000000000      ;   0.0000000000000000      ;   0.0000000000000000      ;  0.19999999552965164      ;   0.0000000000000000      ;   0.0000000000000000      ;   0.0000000000000000      ;   0.0000000000000000      ;   0.0000000000000000      ;   0.0000000000000000      ;   0.0000000000000000      ;   0.0000000000000000      ;   0.0000000000000000      ;   0.0000000000000000      ;   0.0000000000000000      ;  0.19041524530454734      ;   28.101484754695452      ;   0.0000000000000000      ;   0.0000000000000000      ;   0.0000000000000000      ;   0.0000000000000000      ;   1.0000000000000000      ;  0.90000000000000002      ;   99.000000000000000      ;   0.0000000000000000      ;  0.19996407634531940      ;   254.61755116895935      ;   254.62709999999998      ;   252.99666066881639      ;   154.68040047772601      ;   100.00000000000000      ;           0 ;           0 ;   1.0000000000000000      ;   1.0000000000000000      ;                       NaN
           2 ;   0.0000000000000000      ;   7.1799999999999997      ;  0.11000000000000000      ;   0.0000000000000000      ;   0.0000000000000000      ;   0.0000000000000000      ;  0.19999999552965164      ;   0.0000000000000000      ;   0.0000000000000000      ;   0.0000000000000000      ;   0.0000000000000000      ;   0.0000000000000000      ;   0.0000000000000000      ;   0.0000000000000000      ;   0.0000000000000000      ;   0.0000000000000000      ;   0.0000000000000000      ;   0.0000000000000000      ;  0.17307900235959359      ;   27.928405752335856      ;   0.0000000000000000      ;   0.0000000000000000      ;   0.0000000000000000      ;   0.0000000000000000      ;   1.0000000000000000      ;  0.90000000000000002      ;   99.000000000000000      ;   0.0000000000000000      ;  0.19975335653736792      ;   254.59087681478155      ;   254.61755116895935      ;   252.99666066881639      ;   154.68040047772601      ;   100.00000000000000      ;           0 ;           0 ;   1.0000000000000000      ;   1.0000000000000000      ;                       NaN
           3 ;   0.0000000000000000      ;   7.9100000000000001      ; -0.47999999999999998      ;   0.0000000000000000      ;   0.0000000000000000      ;   0.0000000000000000      ;  0.19999999552965164      ;   0.0000000000000000      ;   0.0000000000000000      ;   0.0000000000000000      ;   0.0000000000000000      ;   0.0000000000000000      ;   0.0000000000000000      ;   0.0000000000000000      ;   0.0000000000000000      ;   0.0000000000000000      ;   0.0000000000000000      ;   0.0000000000000000      ;  0.15853839176266943      ;   27.769867360573176      ;   0.0000000000000000      ;   0.0000000000000000      ;   0.0000000000000000      ;   0.0000000000000000      ;   1.0000000000000000      ;  0.90000000000000002      ;   99.000000000000000      ;   0.0000000000000000      ;  0.19936266229014052      ;   254.55005254425404      ;   254.59087681478152      ;   252.99666066881639      ;   154.68040047772601      ;   100.00000000000000      ;           0 ;           0 ;   1.0000000000000000      ;   1.0000000000000000      ;                       NaN
           4 ;   0.0000000000000000      ;   8.5600000000000005      ;   1.0700000000000001      ;   0.0000000000000000      ;   0.0000000000000000      ;   0.0000000000000000      ;  0.19999999552965164      ;   0.0000000000000000      ;   0.0000000000000000      ;   0.0000000000000000      ;   0.0000000000000000      ;   0.0000000000000000      ;   0.0000000000000000      ;   0.0000000000000000      ;   0.0000000000000000      ;   0.0000000000000000      ;   0.0000000000000000      ;   0.0000000000000000      ;  0.14617423318652922      ;   27.623693127386638      ;   0.0000000000000000      ;   0.0000000000000000      ;   0.0000000000000000      ;   0.0000000000000000      ;   1.0000000000000000      ;  0.90000000000000002      ;   99.000000000000000      ;   0.0000000000000000      ;  0.19882333140703673      ;   254.49740344603347      ;   254.55005254425404      ;   252.99666066881639      ;   154.68040047772601      ;   100.00000000000000      ;           0 ;           0 ;   1.0000000000000000      ;   1.0000000000000000      ;                       NaN
           5 ;   0.0000000000000000      ;   9.3499999999999996      ;  0.57999999999999996      ;   0.0000000000000000      ;   0.0000000000000000      ;   0.0000000000000000      ;  0.19999999552965164      ;   0.0000000000000000      ;   0.0000000000000000      ;   0.0000000000000000      ;   0.0000000000000000      ;   0.0000000000000000      ;   0.0000000000000000      ;   0.0000000000000000      ;   0.0000000000000000      ;   0.0000000000000000      ;   0.0000000000000000      ;   0.0000000000000000      ;  0.13553680942000790      ;   27.488156317966620      ;   0.0000000000000000      ;   0.0000000000000000      ;   0.0000000000000000      ;   0.0000000000000000      ;   1.0000000000000000      ;  0.90000000000000002      ;   99.000000000000000      ;   0.0000000000000000      ;  0.19816035589690548      ;   254.43477989955659      ;   254.49740344603347      ;   252.99666066881639      ;   154.68040047772601      ;   100.00000000000000      ;           0 ;           0 ;   1.0000000000000000      ;   1.0000000000000000      ;                       NaN
           6 ;   0.0000000000000000      ;   11.670000000000000      ;   1.6599999999999999      ;   0.0000000000000000      ;   0.0000000000000000      ;   0.0000000000000000      ;  0.19999999552965164      ;   0.0000000000000000      ;   0.0000000000000000      ;   0.0000000000000000      ;   0.0000000000000000      ;   0.0000000000000000      ;   0.0000000000000000      ;   0.0000000000000000      ;   0.0000000000000000      ;   0.0000000000000000      ;   0.0000000000000000      ;   0.0000000000000000      ;  0.12629174378155561      ;   27.361864574185066      ;   0.0000000000000000      ;   0.0000000000000000      ;   0.0000000000000000      ;   0.0000000000000000      ;   1.0000000000000000      ;  0.90000000000000002      ;   99.000000000000000      ;   0.0000000000000000      ;  0.19739396253077746      ;   254.36367768080734      ;   254.43477989955656      ;   252.99666066881639      ;   154.68040047772601      ;   100.00000000000000      ;           0 ;           0 ;   1.0000000000000000      ;   1.0000000000000000      ;                       NaN
           7 ;   0.0000000000000000      ;   9.1099999999999994      ;   1.8300000000000001      ;   0.0000000000000000      ;   0.0000000000000000      ;   0.0000000000000000      ;  0.19999999552965164      ;   0.0000000000000000      ;   0.0000000000000000      ;   0.0000000000000000      ;   0.0000000000000000      ;   0.0000000000000000      ;   0.0000000000000000      ;   0.0000000000000000      ;   0.0000000000000000      ;   0.0000000000000000      ;   0.0000000000000000      ;   0.0000000000000000      ;  0.11818534482492804      ;   27.243679229360133      ;   0.0000000000000000      ;   0.0000000000000000      ;   0.0000000000000000      ;   0.0000000000000000      ;   1.0000000000000000      ;  0.90000000000000002      ;   99.000000000000000      ;   0.0000000000000000      ;  0.19654073382156961      ;   254.28532229181070      ;   254.36367768080734      ;   252.99666066881639      ;   154.68040047772601      ;   100.00000000000000      ;           0 ;           0 ;   1.0000000000000000      ;   1.0000000000000000      ;                       NaN
           8 ;   0.0000000000000000      ;   11.210000000000001      ;   2.1099999999999999      ;   0.0000000000000000      ;   0.0000000000000000      ;   0.0000000000000000      ;  0.19999999552965164      ;   0.0000000000000000      ;   0.0000000000000000      ;   0.0000000000000000      ;   0.0000000000000000      ;   0.0000000000000000      ;   0.0000000000000000      ;   0.0000000000000000      ;   0.0000000000000000      ;   0.0000000000000000      ;   0.0000000000000000      ;   0.0000000000000000      ;  0.11102171866109949      ;   27.132657510699030      ;   0.0000000000000000      ;   0.0000000000000000      ;   0.0000000000000000      ;   0.0000000000000000      ;   1.0000000000000000      ;  0.90000000000000002      ;   99.000000000000000      ;   0.0000000000000000      ;  0.19561441493215215      ;   254.20072959553963      ;   254.28532229181070      ;   252.99666066881639      ;   154.68040047772601      ;   100.00000000000000      ;           0 ;           0 ;   1.0000000000000000      ;   1.0000000000000000      ;                       NaN
           9 ;   0.0000000000000000      ;   12.400000000000000      ;  0.56000000000000005      ;   0.0000000000000000      ;   0.0000000000000000      ;   0.0000000000000000      ;  0.19999999552965164      ;   0.0000000000000000      ;   0.0000000000000000      ;   0.0000000000000000      ;   0.0000000000000000      ;   0.0000000000000000      ;   0.0000000000000000      ;   0.0000000000000000      ;   0.0000000000000000      ;   0.0000000000000000      ;   0.0000000000000000      ;   0.0000000000000000      ;  0.10464724138612272      ;   27.028010269312897      ;   0.0000000000000000      ;   0.0000000000000000      ;   0.0000000000000000      ;   0.0000000000000000      ;   1.0000000000000000      ;  0.90000000000000002      ;   99.000000000000000      ;   0.0000000000000000      ;  0.19462650729014297      ;   254.11075032963564      ;   254.20072959553966      ;   252.99666066881639      ;   154.68040047772601      ;   100.00000000000000      ;           0 ;           0 ;   1.0000000000000000      ;   1.0000000000000000      ;                       NaN
          10 ;   0.0000000000000000      ;   12.699999999999999      ;   2.8799999999999999      ;   0.0000000000000000      ;   0.0000000000000000      ;   0.0000000000000000      ;  0.19999999552965164      ;   0.0000000000000000      ;   0.0000000000000000      ;   0.0000000000000000      ;   0.0000000000000000      ;   0.0000000000000000      ;   0.0000000000000000      ;   0.0000000000000000      ;   0.0000000000000000      ;   0.0000000000000000      ;   0.0000000000000000      ;   0.0000000000000000      ;   9.8939773678108051E-002 ;   26.929070495634793      ;   0.0000000000000000      ;   0.0000000000000000      ;   0.0000000000000000      ;   0.0000000000000000      ;   1.0000000000000000      ;  0.90000000000000002      ;   99.000000000000000      ;   0.0000000000000000      ;  0.19358671370080366      ;   254.01610338961297      ;   254.11075032963564      ;   252.99666066881639      ;   154.68040047772601      ;   100.00000000000000      ;           0 ;           0 ;   1.0000000000000000      ;   1.0000000000000000      ;                       NaN
          11 ;   0.0000000000000000      ;   10.850000000000000      ;   1.4600000000000000      ;   0.0000000000000000      ;   0.0000000000000000      ;   0.0000000000000000      ;  0.19999999552965164      ;   0.0000000000000000      ;   0.0000000000000000      ;   0.0000000000000000      ;   0.0000000000000000      ;   0.0000000000000000      ;   0.0000000000000000      ;   0.0000000000000000      ;   0.0000000000000000      ;   0.0000000000000000      ;   0.0000000000000000      ;   0.0000000000000000      ;   9.3801011615075133E-002 ;   26.835269484019719      ;   0.0000000000000000      ;   0.0000000000000000      ;   0.0000000000000000      ;   0.0000000000000000      ;   1.0000000000000000      ;  0.90000000000000002      ;   99.000000000000000      ;   0.0000000000000000      ;  0.19250327777819479      ;   253.91740112344993      ;   254.01610338961299      ;   252.99666066881639      ;   154.68040047772601      ;   100.00000000000000      ;           0 ;           0 ;   1.0000000000000000      ;   1.0000000000000000      ;                       NaN
          12 ;   0.0000000000000000      ;   12.720000000000001      ;   1.5100000000000000      ;   0.0000000000000000      ;   0.0000000000000000      ;   0.0000000000000000      ;  0.19999999552965164      ;   0.0000000000000000      ;   0.0000000000000000      ;   0.0000000000000000      ;   0.0000000000000000      ;   0.0000000000000000      ;   0.0000000000000000      ;   0.0000000000000000      ;   0.0000000000000000      ;   0.0000000000000000      ;   0.0000000000000000      ;   0.0000000000000000      ;   8.9150960165662152E-002 ;   26.746118523854062      ;   0.0000000000000000      ;   0.0000000000000000      ;   0.0000000000000000      ;   0.0000000000000000      ;   1.0000000000000000      ;  0.90000000000000002      ;   99.000000000000000      ;   0.0000000000000000      ;  0.19138324669166420      ;   253.81516883692402      ;   253.91740112344996      ;   252.99666066881639      ;   154.68040047772601      ;   100.00000000000000      ;           0 ;           0 ;   1.0000000000000000      ;   1.0000000000000000      ;                       NaN
          13 ;   0.0000000000000000      ;   8.7300000000000004      ;  0.10000000000000001      ;   0.0000000000000000      ;   0.0000000000000000      ;   0.0000000000000000      ;  0.19999999552965164      ;   0.0000000000000000      ;   0.0000000000000000      ;   0.0000000000000000      ;   0.0000000000000000      ;   0.0000000000000000      ;   0.0000000000000000      ;   0.0000000000000000      ;   0.0000000000000000      ;   0.0000000000000000      ;   0.0000000000000000      ;   0.0000000000000000      ;   8.4923873333112854E-002 ;   26.661194650520947      ;   0.0000000000000000      ;   0.0000000000000000      ;   0.0000000000000000      ;   0.0000000000000000      ;   1.0000000000000000      ;  0.90000000000000002      ;   99.000000000000000      ;   0.0000000000000000      ;  0.19023267729397508      ;   253.70986003296315      ;   253.81516883692402      ;   252.99666066881639      ;   154.68040047772601      ;   100.00000000000000      ;           0 ;           0 ;   1.0000000000000000      ;   1.0000000000000000      ;                       NaN
          14 ;   0.0000000000000000      ;   12.779999999999999      ;   2.1800000000000002      ;   0.0000000000000000      ;   0.0000000000000000      ;   0.0000000000000000      ;  0.19999999552965164      ;   0.0000000000000000      ;   0.0000000000000000      ;   0.0000000000000000      ;   0.0000000000000000      ;   0.0000000000000000      ;   0.0000000000000000      ;   0.0000000000000000      ;   0.0000000000000000      ;   0.0000000000000000      ;   0.0000000000000000      ;   0.0000000000000000      ;   8.1065226651234112E-002 ;   26.580129423869707      ;   0.0000000000000000      ;   0.0000000000000000      ;   0.0000000000000000      ;   0.0000000000000000      ;   1.0000000000000000      ;  0.90000000000000002      ;   99.000000000000000      ;   0.0000000000000000      ;  0.18905679978914755      ;   253.60186845982520      ;   253.70986003296315      ;   252.99666066881639      ;   154.68040047772601      ;   100.00000000000000      ;           0 ;           0 ;   1.0000000000000000      ;   1.0000000000000000      ;                       NaN
          15 ;   0.0000000000000000      ;   6.8700000000000001      ;   1.3899999999999999      ;   0.0000000000000000      ;   0.0000000000000000      ;   0.0000000000000000      ;  0.19999999552965164      ;   0.0000000000000000      ;   0.0000000000000000      ;   0.0000000000000000      ;   0.0000000000000000      ;   0.0000000000000000      ;   0.0000000000000000      ;   0.0000000000000000      ;   0.0000000000000000      ;   0.0000000000000000      ;   0.0000000000000000      ;   0.0000000000000000      ;   7.7529428614723769E-002 ;   26.502599995254982      ;   0.0000000000000000      ;   0.0000000000000000      ;   0.0000000000000000      ;   0.0000000000000000      ;   1.0000000000000000      ;  0.90000000000000002      ;   99.000000000000000      ;   0.0000000000000000      ;  0.18786014910565968      ;   253.49153773933423      ;   253.60186845982517      ;   252.99666066881639      ;   154.68040047772601      ;   100.00000000000000      ;           0 ;           0 ;   1.0000000000000000      ;   1.0000000000000000      ;                       NaN
          16 ;   0.0000000000000000      ;   10.150000000000000      ;   1.4099999999999999      ;   0.0000000000000000      ;   0.0000000000000000      ;   0.0000000000000000      ;  0.19999999552965164      ;   0.0000000000000000      ;   0.0000000000000000      ;   0.0000000000000000      ;   0.0000000000000000      ;   0.0000000000000000      ;   0.0000000000000000      ;   0.0000000000000000      ;   0.0000000000000000      ;   0.0000000000000000      ;   0.0000000000000000      ;   0.0000000000000000      ;   7.4278069131471072E-002 ;   26.428321926123516      ;   0.0000000000000000      ;   0.0000000000000000      ;   0.0000000000000000      ;   0.0000000000000000      ;   1.0000000000000000      ;  0.90000000000000002      ;   99.000000000000000      ;   0.0000000000000000      ;  0.18664667139048965      ;   253.37916913707514      ;   253.49153773933421      ;   252.99666066881639      ;   154.68040047772601      ;   100.00000000000000      ;           0 ;           0 ;   1.0000000000000000      ;   1.0000000000000000      ;                       NaN
          17 ;   0.0000000000000000      ;   6.9000000000000004      ;   2.1600000000000001      ;   0.0000000000000000      ;   0.0000000000000000      ;   0.0000000000000000      ;  0.19999999552965164      ;   0.0000000000000000      ;   0.0000000000000000      ;   0.0000000000000000      ;   0.0000000000000000      ;   0.0000000000000000      ;   0.0000000000000000      ;   0.0000000000000000      ;   0.0000000000000000      ;   0.0000000000000000      ;   0.0000000000000000      ;   0.0000000000000000      ;   7.1278563711170528E-002 ;   26.357043362412341      ;   0.0000000000000000      ;   0.0000000000000000      ;   0.0000000000000000      ;   0.0000000000000000      ;   1.0000000000000000      ;  0.90000000000000002      ;   99.000000000000000      ;   0.0000000000000000      ;  0.18541981111192810      ;   253.26502788967446      ;   253.37916913707514      ;   252.99666066881639      ;   154.68040047772601      ;   100.00000000000000      ;           0 ;           0 ;   1.0000000000000000      ;   1.0000000000000000      ;                       NaN
          18 ;   0.0000000000000000      ;   5.7300000000000004      ;  -1.7800000000000000      ;   0.0000000000000000      ;   0.0000000000000000      ;   0.0000000000000000      ;  0.19999999552965164      ;   0.0000000000000000      ;   0.0000000000000000      ;   0.0000000000000000      ;   0.0000000000000000      ;   0.0000000000000000      ;   0.0000000000000000      ;   0.0000000000000000      ;   0.0000000000000000      ;   0.0000000000000000      ;   0.0000000000000000      ;   0.0000000000000000      ;   6.8503093006541879E-002 ;   26.288540269405797      ;   0.0000000000000000      ;   0.0000000000000000      ;   0.0000000000000000      ;   0.0000000000000000      ;   1.0000000000000000      ;  0.90000000000000002      ;   99.000000000000000      ;   0.0000000000000000      ;  0.18418258288638975      ;   253.14934839979455      ;   253.26502788967446      ;   252.99666066881639      ;   154.68040047772601      ;   100.00000000000000      ;           0 ;           0 ;   1.0000000000000000      ;   1.0000000000000000      ;                       NaN
          19 ;   0.0000000000000000      ;   5.7500000000000000      ;  -2.1600000000000001      ;   0.0000000000000000      ;   0.0000000000000000      ;   0.0000000000000000      ;  0.19999999552965164      ;   0.0000000000000000      ;   0.0000000000000000      ;   0.0000000000000000      ;   0.0000000000000000      ;   0.0000000000000000      ;   0.0000000000000000      ;   0.0000000000000000      ;   0.0000000000000000      ;   0.0000000000000000      ;   0.0000000000000000      ;   0.0000000000000000      ;   6.5927765378701597E-002 ;   26.222612504027090      ;   0.0000000000000000      ;   0.0000000000000000      ;   0.0000000000000000      ;   0.0000000000000000      ;   1.0000000000000000      ;  0.90000000000000002      ;   99.000000000000000      ;   0.0000000000000000      ;  0.18293763115270223      ;   253.03233853402051      ;   253.14934839979455      ;   252.99666066881639      ;   154.68040047772601      ;   100.00000000000000      ;           0 ;           0 ;   1.0000000000000000      ;   1.0000000000000000      ;                       NaN
          20 ;   0.0000000000000000      ;   5.7999999999999998      ;   2.3599999999999999      ;   0.0000000000000000      ;   0.0000000000000000      ;   0.0000000000000000      ;  0.19999999552965164      ;   0.0000000000000000      ;   0.0000000000000000      ;   0.0000000000000000      ;   0.0000000000000000      ;   0.0000000000000000      ;   0.0000000000000000      ;   0.0000000000000000      ;   0.0000000000000000      ;   0.0000000000000000      ;   0.0000000000000000      ;   0.0000000000000000      ;   6.3531949696565906E-002 ;   26.159080554330526      ;   0.0000000000000000      ;   0.0000000000000000      ;   0.0000000000000000      ;   0.0000000000000000      ;   1.0000000000000000      ;  0.90000000000000002      ;   99.000000000000000      ;   0.0000000000000000      ;  0.18168728009110988      ;   252.91418320362590      ;   253.03233853402051      ;   252.99666066881639      ;   154.68040047772601      ;   100.00000000000000      ;           0 ;           0 ;   1.0000000000000000      ;   1.0000000000000000      ;                       NaN
          21 ;   0.0000000000000000      ;   7.9199999999999999      ;   1.6000000000000001      ;   0.0000000000000000      ;   0.0000000000000000      ;   0.0000000000000000      ;  0.19999999552965164      ;   0.0000000000000000      ;   0.0000000000000000      ;   0.0000000000000000      ;   0.0000000000000000      ;   0.0000000000000000      ;   0.0000000000000000      ;   0.0000000000000000      ;   0.0000000000000000      ;   0.0000000000000000      ;   0.0000000000000000      ;   0.0000000000000000      ;   6.1297739379107194E-002 ;   26.097782814951422      ;   0.0000000000000000      ;   0.0000000000000000      ;   0.0000000000000000      ;   0.0000000000000000      ;   1.0000000000000000      ;  0.90000000000000002      ;   99.000000000000000      ;   0.0000000000000000      ;  0.18043357564589438      ;   252.79504736735910      ;   252.91418320362590      ;   252.99666066881639      ;   154.68040047772601      ;   100.00000000000000      ;           0 ;           0 ;   1.0000000000000000      ;   1.0000000000000000      ;                       NaN
          22 ;   0.0000000000000000      ;   7.5700000000000003      ;  0.81999999999999995      ;   0.0000000000000000      ;   0.0000000000000000      ;   0.0000000000000000      ;  0.19999999552965164      ;   0.0000000000000000      ;   0.0000000000000000      ;   0.0000000000000000      ;   0.0000000000000000      ;   0.0000000000000000      ;   0.0000000000000000      ;   0.0000000000000000      ;   0.0000000000000000      ;   0.0000000000000000      ;   0.0000000000000000      ;   0.0000000000000000      ;   5.9209518561843831E-002 ;   26.038573296389586      ;   0.0000000000000000      ;   0.0000000000000000      ;   0.0000000000000000      ;   0.0000000000000000      ;   1.0000000000000000      ;  0.90000000000000002      ;   99.000000000000000      ;   0.0000000000000000      ;  0.17917832110687870      ;   252.67507856481407      ;   252.79504736735910      ;   252.99666066881639      ;   154.68040047772601      ;   100.00000000000000      ;           0 ;           0 ;   1.0000000000000000      ;   1.0000000000000000      ;                       NaN
          23 ;   0.0000000000000000      ;   8.8499999999999996      ;   4.4500000000000002      ;   0.0000000000000000      ;   0.0000000000000000      ;   0.0000000000000000      ;  0.19999999552965164      ;   0.0000000000000000      ;   0.0000000000000000      ;   0.0000000000000000      ;   0.0000000000000000      ;   0.0000000000000000      ;   0.0000000000000000      ;   0.0000000000000000      ;   0.0000000000000000      ;   0.0000000000000000      ;   0.0000000000000000      ;   0.0000000000000000      ;   5.7253608417757264E-002 ;   25.981319687971823      ;   0.0000000000000000      ;   0.0000000000000000      ;   0.0000000000000000      ;   0.0000000000000000      ;   1.0000000000000000      ;  0.90000000000000002      ;   99.000000000000000      ;   0.0000000000000000      ;  0.17792310739919423      ;   252.55440906583266      ;   252.67507856481407      ;   252.99666066881639      ;   154.68040047772601      ;   100.00000000000000      ;           0 ;           0 ;   1.0000000000000000      ;   1.0000000000000000      ;                       NaN
          24 ;   0.0000000000000000      ;   9.2599999999999998      ;   2.5600000000000001      ;   0.0000000000000000      ;   0.0000000000000000      ;   0.0000000000000000      ;  0.19999999552965164      ;   0.0000000000000000      ;   0.0000000000000000      ;   0.0000000000000000      ;   0.0000000000000000      ;   0.0000000000000000      ;   0.0000000000000000      ;   0.0000000000000000      ;   0.0000000000000000      ;   0.0000000000000000      ;   0.0000000000000000      ;   0.0000000000000000      ;   5.5417976897494559E-002 ;   25.925901711074321      ;   0.0000000000000000      ;   0.0000000000000000      ;   0.0000000000000000      ;   0.0000000000000000      ;   1.0000000000000000      ;  0.90000000000000002      ;   99.000000000000000      ;   0.0000000000000000      ;  0.17666933899664408      ;   252.43315770373346      ;   252.55440906583266      ;   252.99666066881639      ;   154.68040047772601      ;   100.00000000000000      ;           0 ;           0 ;   1.0000000000000000      ;   1.0000000000000000      ;                       NaN
          25 ;   0.0000000000000000      ;   13.000000000000000      ; -0.10000000000000001      ;   0.0000000000000000      ;   0.0000000000000000      ;   0.0000000000000000      ;  0.19999999552965164      ;   0.0000000000000000      ;   0.0000000000000000      ;   0.0000000000000000      ;   0.0000000000000000      ;   0.0000000000000000      ;   0.0000000000000000      ;   0.0000000000000000      ;   0.0000000000000000      ;   0.0000000000000000      ;   0.0000000000000000      ;   0.0000000000000000      ;   5.3691999026940732E-002 ;   25.872209712047379      ;   0.0000000000000000      ;   0.0000000000000000      ;   0.0000000000000000      ;   0.0000000000000000      ;   1.0000000000000000      ;  0.90000000000000002      ;   99.000000000000000      ;   0.0000000000000000      ;  0.17541825619320092      ;   252.31143144656721      ;   252.43315770373346      ;   252.99666066881639      ;   154.68040047772601      ;   100.00000000000000      ;           0 ;           0 ;   1.0000000000000000      ;   1.0000000000000000      ;                       NaN
          26 ;   0.0000000000000000      ;   12.940000000000000      ;   2.0099999999999998      ;   0.0000000000000000      ;   0.0000000000000000      ;   0.0000000000000000      ;  0.19999999552965164      ;   0.0000000000000000      ;   0.0000000000000000      ;   0.0000000000000000      ;   0.0000000000000000      ;   0.0000000000000000      ;   0.0000000000000000      ;   0.0000000000000000      ;   0.0000000000000000      ;   0.0000000000000000      ;   0.0000000000000000      ;   0.0000000000000000      ;   5.2066257794154795E-002 ;   25.820143454253213      ;   0.0000000000000000      ;   0.0000000000000000      ;   0.0000000000000000      ;   0.0000000000000000      ;   1.0000000000000000      ;  0.90000000000000002      ;   99.000000000000000      ;   0.0000000000000000      ;  0.17417095432638435      ;   252.18932675003495      ;   252.31143144656724      ;   252.99666066881639      ;   154.68040047772601      ;   100.00000000000000      ;           0 ;           0 ;   1.0000000000000000      ;   1.0000000000000000      ;                       NaN
          27 ;   0.0000000000000000      ;   14.109999999999999      ;   4.6799999999999997      ;   0.0000000000000000      ;   0.0000000000000000      ;   0.0000000000000000      ;  0.19999999552965164      ;   0.0000000000000000      ;   0.0000000000000000      ;   0.0000000000000000      ;   0.0000000000000000      ;   0.0000000000000000      ;   0.0000000000000000      ;   0.0000000000000000      ;   0.0000000000000000      ;   0.0000000000000000      ;   0.0000000000000000      ;   0.0000000000000000      ;   5.0532377839698620E-002 ;   25.769611076413515      ;   0.0000000000000000      ;   0.0000000000000000      ;   0.0000000000000000      ;   0.0000000000000000      ;   1.0000000000000000      ;  0.90000000000000002      ;   99.000000000000000      ;   0.0000000000000000      ;  0.17292840043565771      ;   252.06693072743903      ;   252.18932675003495      ;   252.99666066881639      ;   154.68040047772601      ;   100.00000000000000      ;           0 ;           0 ;   1.0000000000000000      ;   1.0000000000000000      ;                       NaN
          28 ;   0.0000000000000000      ;   7.7699999999999996      ;  0.58999999999999997      ;   0.0000000000000000      ;   0.0000000000000000      ;   0.0000000000000000      ;  0.19999999552965164      ;   0.0000000000000000      ;   0.0000000000000000      ;   0.0000000000000000      ;   0.0000000000000000      ;   0.0000000000000000      ;   0.0000000000000000      ;   0.0000000000000000      ;   0.0000000000000000      ;   0.0000000000000000      ;   0.0000000000000000      ;   0.0000000000000000      ;   4.9082885823823925E-002 ;   25.720528190589686      ;   0.0000000000000000      ;   0.0000000000000000      ;   0.0000000000000000      ;   0.0000000000000000      ;   1.0000000000000000      ;  0.90000000000000002      ;   99.000000000000000      ;   0.0000000000000000      ;  0.17169144775152356      ;   251.94432216551135      ;   252.06693072743906      ;   252.99666066881639      ;   154.68040047772601      ;   100.00000000000000      ;           0 ;           0 ;   1.0000000000000000      ;   1.0000000000000000      ;                       NaN
          29 ;   0.0000000000000000      ;   4.7599999999999998      ;  -1.0300000000000000      ;   0.0000000000000000      ;   0.0000000000000000      ;   0.0000000000000000      ;  0.19999999552965164      ;   0.0000000000000000      ;   0.0000000000000000      ;   0.0000000000000000      ;   0.0000000000000000      ;   0.0000000000000000      ;   0.0000000000000000      ;   0.0000000000000000      ;   0.0000000000000000      ;   0.0000000000000000      ;   0.0000000000000000      ;   0.0000000000000000      ;   4.7711092616184607E-002 ;   25.672817097973496      ;   0.0000000000000000      ;   0.0000000000000000      ;   0.0000000000000000      ;   0.0000000000000000      ;   1.0000000000000000      ;  0.90000000000000002      ;   99.000000000000000      ;   0.0000000000000000      ;  0.17046084834124256      ;   251.82157240978623      ;   251.94432216551138      ;   252.99666066881639      ;   154.68040047772601      ;   100.00000000000000      ;           0 ;           0 ;   1.0000000000000000      ;   1.0000000000000000      ;                       NaN
          30 ;   0.0000000000000000      ;   4.9400000000000004      ;  -1.4199999999999999      ;   0.0000000000000000      ;   0.0000000000000000      ;   0.0000000000000000      ;  0.19999999552965164      ;   0.0000000000000000      ;   0.0000000000000000      ;   0.0000000000000000      ;   0.0000000000000000      ;   0.0000000000000000      ;   0.0000000000000000      ;   0.0000000000000000      ;   0.0000000000000000      ;   0.0000000000000000      ;   0.0000000000000000      ;   0.0000000000000000      ;   4.6410993436528492E-002 ;   25.626406104536962      ;   0.0000000000000000      ;   0.0000000000000000      ;   0.0000000000000000      ;   0.0000000000000000      ;   1.0000000000000000      ;  0.90000000000000002      ;   99.000000000000000      ;   0.0000000000000000      ;  0.16923726418120794      ;   251.69874613904167      ;   251.82157240978623      ;   252.99666066881639      ;   154.68040047772601      ;   100.00000000000000      ;           0 ;           0 ;   1.0000000000000000      ;   1.0000000000000000      ;                       NaN
          31 ;   0.0000000000000000      ;   11.010000000000000      ;   4.4199999999999999      ;   0.0000000000000000      ;   0.0000000000000000      ;   0.0000000000000000      ;  0.19999999552965164      ;   0.0000000000000000      ;   0.0000000000000000      ;   0.0000000000000000      ;   0.0000000000000000      ;   0.0000000000000000      ;   0.0000000000000000      ;   0.0000000000000000      ;   0.0000000000000000      ;   0.0000000000000000      ;   0.0000000000000000      ;   0.0000000000000000      ;   4.5177182839472529E-002 ;   25.581228921697488      ;   0.0000000000000000      ;   0.0000000000000000      ;   0.0000000000000000      ;   0.0000000000000000      ;   1.0000000000000000      ;  0.90000000000000002      ;   99.000000000000000      ;   0.0000000000000000      ;  0.16802127688082016      ;   251.57590204500030      ;   251.69874613904170      ;   252.99666066881639      ;   154.68040047772601      ;   100.00000000000000      ;           0 ;           0 ;   1.0000000000000000      ;   1.0000000000000000      ;                       NaN
          32 ;   200.00000000000000      ;   12.820000000000000      ;   3.2200000000000002      ;   0.0000000000000000      ;   0.0000000000000000      ;   0.0000000000000000      ;  0.19999999552965164      ;   0.0000000000000000      ;   200.00000000000000      ;   200.00000000000000      ;   200.00000000000000      ;   0.0000000000000000      ;   0.0000000000000000      ;   200.00000596046448      ;   0.0000000000000000      ;   0.0000000000000000      ;   0.0000000000000000      ;   0.0000000000000000      ;   179.42396645087041      ;   46.157268431291541      ;   0.0000000000000000      ;   0.0000000000000000      ;   0.0000000000000000      ;   0.0000000000000000      ;   1.0000000000000000      ;  0.90000000000000002      ;   99.000000000000000      ;   0.0000000000000000      ;   28.667675238251341      ;   402.33219325761945      ;   251.57590204500028      ;   252.99666066881639      ;   154.68040047772601      ;   100.00000000000000      ;           0 ;           0 ;   1.0000000000000000      ;   1.0000000000000000      ;                       NaN
          33 ;   0.0000000000000000      ;   9.4100000000000001      ;   3.4700000000000002      ;   0.0000000000000000      ;   0.0000000000000000      ;   0.0000000000000000      ;  0.19999999552965164      ;   0.0000000000000000      ;   0.0000000000000000      ;   0.0000000000000000      ;   0.0000000000000000      ;   0.0000000000000000      ;   0.0000000000000000      ;   0.0000000000000000      ;   0.0000000000000000      ;   0.0000000000000000      ;   0.0000000000000000      ;   0.0000000000000000      ;   12.457690992914635      ;   33.699577438376906      ;   0.0000000000000000      ;   0.0000000000000000      ;   0.0000000000000000      ;   0.0000000000000000      ;   1.0000000000000000      ;  0.90000000000000002      ;   99.000000000000000      ;   0.0000000000000000      ;   56.822989460863802      ;   357.96689478967039      ;   402.33219325761951      ;   252.99666066881639      ;   154.68040047772601      ;   100.00000000000000      ;           0 ;           0 ;   1.0000000000000000      ;   1.0000000000000000      ;                       NaN
          34 ;   0.0000000000000000      ;   7.8099999999999996      ;   3.1899999999999999      ;   0.0000000000000000      ;   0.0000000000000000      ;   0.0000000000000000      ;  0.19999999552965164      ;   0.0000000000000000      ;   0.0000000000000000      ;   0.0000000000000000      ;   0.0000000000000000      ;   0.0000000000000000      ;   0.0000000000000000      ;   0.0000000000000000      ;   0.0000000000000000      ;   0.0000000000000000      ;   0.0000000000000000      ;   0.0000000000000000      ;   1.7044396829522583      ;   31.995137755424665      ;   0.0000000000000000      ;   0.0000000000000000      ;   0.0000000000000000      ;   0.0000000000000000      ;   1.0000000000000000      ;  0.90000000000000002      ;   99.000000000000000      ;   0.0000000000000000      ;   18.316462299997898      ;   341.35487217262477      ;   357.96689478967039      ;   252.99666066881639      ;   154.68040047772601      ;   100.00000000000000      ;           0 ;           0 ;   1.0000000000000000      ;   1.0000000000000000      ;                       NaN
          35 ;   0.0000000000000000      ;   7.2400000000000002      ;   1.4800000000000000      ;   0.0000000000000000      ;   0.0000000000000000      ;   0.0000000000000000      ;  0.19999999552965164      ;   0.0000000000000000      ;   0.0000000000000000      ;   0.0000000000000000      ;   0.0000000000000000      ;   0.0000000000000000      ;   0.0000000000000000      ;   0.0000000000000000      ;   0.0000000000000000      ;   0.0000000000000000      ;   0.0000000000000000      ;   0.0000000000000000      ;  0.95640295382877927      ;   31.038734801595883      ;   0.0000000000000000      ;   0.0000000000000000      ;   0.0000000000000000      ;   0.0000000000000000      ;   1.0000000000000000      ;  0.90000000000000002      ;   99.000000000000000      ;   0.0000000000000000      ;   10.812228002009428      ;   331.49904712444408      ;   341.35487217262477      ;   252.99666066881639      ;   154.68040047772601      ;   100.00000000000000      ;           0 ;           0 ;   1.0000000000000000      ;   1.0000000000000000      ;                       NaN
